URL,Last crawled
https://carmaacarcare.com/blogs/doorstep-car-cleaning-service-noida,2026-04-28
https://carmaacarcare.com/why-carmaa-is-becoming-dehradun's-choice,2026-04-27
https://carmaacarcare.com/blogs/doorstep-car-washing-service-in-gurgaon/,2026-02-26
https://carmaacarcare.com/doorstep-car-washing-service-in-delhi/blogs/,2026-01-08
https://carmaacarcare.com/best-car-mechanics-in-dehradun/blogs/,2025-12-15
https://carmaacarcare.com/blogs/why-carmaa-is-becoming-dehradun's-choice/blogs/,2025-12-06
https://carmaacarcare.com/blogs/dry-cleaning-services-at-your-doorstep/blogs/,2025-11-27
https://carmaacarcare.com/blogs/about/,2025-11-27
https://carmaacarcare.com/blogs/doorstep-car-washing-service-in-dehradun/,2025-11-26
https://carmaacarcare.com/blogs/doorstep-car-washing-service-in-meerut/,2025-11-25
https://carmaacarcare.com/doorstep-car-washing-service-in-Rishikesh/blogs/,2025-11-17
https://carmaacarcare.com/doorstep-car-washing-service-in-Haridwar/blogs/,2025-11-06
https://carmaacarcare.com/blogs/why-carmaa-is-becoming-dehradun's-choice/blogs/,2025-11-01